{
    "fields": [
        {
            "name": "oldpassword",
            "type": "password"
        }, 
         {
            "name": "password",
            "type": "password"
        },
      
         {
            "name": "password2",
            "type": "password"
        }
    ],
  

    "validations": [
        {
            "field": "oldpassword",
            "rules": "required|min:6"
        },  
     
        {
            "field": "password",
            "rules": "required|min:6"
        },
     
        {
            "field": "password2",
            "rules": "required|same:password"
        }

    ]
}