{
    "fields": [
        {
            "name": "name",
            "type": "string"
        },
        {
            "name": "email",
            "type": "email"
        },
         {
            "name": "password",
            "type": "password"
        }
    ],
    "foreign_keys": [
        {
            "column": "worker_id",
            "references": "id",
            "on": "workers",
            "onDelete": "cascade"
        }
    ],
    "relationships": [
        {
            "name": "worker",
            "type": "belongsTo",
            "class": "App\\worker"
        }
    ],

    "validations": [
        {
            "field": "name",
            "rules": "required|max:100 "
        },  
     
        {
            "field": "email",
            "rules": "required|email"
        },
     
        {
            "field": "password",
            "rules": "required|min:6"
        }

    ]
}