{
    "fields": [
        {
            "name": "worker_id",
            "type": "integer"
        },
        {
            "name": "date",
            "type": "date"
        },
        {
            "name": "start",
            "type": "time"
        },
        {
            "name": "end",
            "type": "time"
        },
        {
            "name": "hour",
            "type": "number"
        },
        {
            "name": "type",
            "type": "select",
            "options": ["normal", "plusz", "ledolg"]
        }
    ],   
    
    "foreign_keys": [
        {
            "column": "worker_id",
            "references": "id",
            "on": "workers"
        }
    ],
    
    "relationships": [
        {
            "name": "worker",
            "type": "belongsTo",
            "class": "App\\Worker"
        }
    ],

    "validations": [
        {
            "field": "worker_id",  "rules": "required|integer"
        },
        {
            "field": "date",       "rules": "required|date"
        },
        {
            "field": "start",      "rules": "date_format:H:i"
        },
        {
            "field": "end",        "rules": "date_format:H:i"
        },
        {
            "field": "hour",       "rules": "required|date_format:H"
        },
        {
            "field": "type",       "rules": "required"
        }
    ]
}