{
    "fields": [
          {
            "name": "user_id",
            "type": "integer"
        },

        {
            "name": "name",
            "type": "string"
        },
        {
            "name": "cim",
            "type": "string"
        },
      
        {
            "name": "tel",
            "type": "string"
        },
        {
            "name": "birth",
            "type": "date"
        },
        {
            "name": "ado",
            "type": "string"
        },
      
        {
            "name": "tb",
            "type": "string"
        },
        {
            "name": "start",
            "type": "date"
        },
        {
            "name": "end",
            "type": "date"
        },
        {
            "name": "statusz",
            "type": "select",
            "options": ["Állandó", "alkalmi", "diák"]
        }
    ],
    "foreign_keys": [
        {
            "column": "user_id",
            "references": "id",
            "on": "users",
            "onDelete": "cascade"
        }
    ],
    "relationships": [
        {
            "name": "user",
            "type": "belongsTo",
            "class": "App\\User"
        },
        {
            "name": "worktime",
            "type": "hasMany",
            "class": "App\\Worktime"
        }
        ,
        {
            "name": "day",
            "type": "hasMany",
            "class": "App\\Day"
        }
    ],

    "validations": [
        {
            "field": "name",
            "rules": "required|max:200 "
        },  
        {
            "field": "cim",
            "rules": "required|max:200"
        },
    
        {
            "field": "tel",
            "rules": "max:50"
        },
        {
            "field": "birth",
            "rules": "date"
        },
        {
            "field": "ado",
            "rules": "string"
        },
      
        {
            "field": "tb",
            "rules": "string"
        },
        {
            "field": "start",
            "rules": "required|date"
        },
        {
            "field": "end",
            "rules": "date"
        },
        {
            "field": "statusz",
            "rules": "max:50"
            
        }

    ]
}